implementation,grid_size,pulses,runtime_s,min_s,max_s,repeats,warmup_s,nrmse,sampled_peak_rss_mib,sampled_rss_increase_mib,threads,speedup
reference,64,16,0.1678974999813363,0.15375509997829795,0.19322390004526824,3,0.0007821000181138515,0.0,82.8125,0.0390625,1,1.0
vectorized,64,16,0.005478399922139943,0.00540050002746284,0.0059605001006275415,3,0.0005370000144466758,1.1003124283286317e-16,82.984375,0.03515625,1,30.64717844033429
numba,64,16,0.001918699941597879,0.0015928000211715698,0.001964199938811362,3,0.34364869992714375,0.0,113.80078125,0.03125,4,87.50586599878275
reference,64,64,0.7300863999407738,0.5768223999766633,0.7335357000119984,3,0.0020586999598890543,0.0,83.2265625,0.0390625,1,1.0
vectorized,64,64,0.01168690004851669,0.01088830002117902,0.012359199929051101,3,0.0015067000640556216,1.084384290848388e-16,83.828125,0.03125,1,62.4704923384227
numba,64,64,0.002144999918527901,0.0018800999969244003,0.002292299992404878,3,0.20595239999238402,0.0,114.55859375,0.0234375,4,340.3666329469267
reference,128,16,0.6932920999825001,0.6762761999852955,0.7345531999599189,3,0.000305800000205636,0.0,83.30078125,0.03515625,1,1.0
vectorized,128,16,0.012865299941040576,0.010584000032395124,0.01310320000629872,3,0.0007125000702217221,1.0679312550493315e-16,84.5859375,0.84765625,1,53.88852985625961
numba,128,16,0.0032780999317765236,0.002718200092203915,0.00410260003991425,3,0.2071557000745088,1.2571411438944855e-17,114.90234375,0.0234375,4,211.49205771978387
reference,128,64,2.948627300094813,2.898429400054738,2.9901712000137195,3,0.0006400999845936894,0.0,83.71484375,0.0390625,1,1.0
vectorized,128,64,0.06291229999624193,0.0422112001106143,0.07323199999518692,3,0.004476899979636073,1.2351510519709419e-16,85.41015625,0.78515625,1,46.868852359092735
numba,128,64,0.011996500077657402,0.009401099989190698,0.012189900036901236,3,0.32307080004829913,9.762296151304454e-16,115.921875,0.02734375,4,245.79062901740937
reference,256,16,3.0005231999093667,2.932560099987313,3.007094500004314,3,0.000749400001950562,0.0,85.890625,1.046875,1,1.0
vectorized,256,16,0.06883830006700009,0.06684139999561012,0.07263680000323802,3,0.0016524000093340874,9.890562300339385e-17,85.56640625,1.984375,1,43.58799094383457
numba,256,16,0.013226700015366077,0.009993099956773221,0.013554599951021373,3,0.2819756999379024,1.3038649310940135e-18,116.18359375,1.08203125,4,226.85350060283503
reference,256,64,11.499718499951996,11.386266899993643,12.120166399981827,3,0.0015936000272631645,0.0,85.37109375,1.05078125,1,1.0
vectorized,256,64,0.2740641999989748,0.24115939997136593,0.27587160002440214,3,0.002480599912814796,1.6193501901199813e-15,86.66015625,1.03515625,1,41.95994405688526
numba,256,64,0.018691399949602783,0.01783280004747212,0.02998620003927499,3,0.16851899994071573,2.3765509392152204e-15,116.4765625,1.13671875,4,615.2411553419454
reference,512,16,11.758163299993612,11.246423100004904,12.04152230010368,3,0.00044790003448724747,0.0,90.4765625,4.0546875,1,1.0
vectorized,512,16,0.22136969992425293,0.21977780002634972,0.3119509000098333,3,0.0010058999760076404,1.0231648510497543e-15,91.88671875,4.16015625,1,53.11550453389491
numba,512,16,0.02417679992504418,0.0240330999949947,0.034322099993005395,3,0.32588559994474053,2.4175817642625016e-15,122.2734375,4.03515625,4,486.3407620713942
reference,512,64,47.69116919999942,47.11616169998888,48.39116960007232,3,0.0007684000302106142,0.0,91.28515625,4.12109375,1,1.0
vectorized,512,64,1.0051460999529809,0.9230326999677345,1.1247163999360055,3,0.0015368000604212284,1.975270477044686e-15,92.62109375,5.29296875,1,47.447002184289765
numba,512,64,0.09209290007129312,0.08953360002487898,0.09459160000551492,3,2.092405500006862,2.604947705336934e-15,149.44140625,4.03125,4,517.8593481482244
